tune,max_betx,min_betx,max_dx,min_dx,sigma_xMAX,sigma_yMAX,beta_x_at_teca,alpha_teca,gamma_teca,dx_at_teca,dpx_teca,EpsilonBetaTeca,D_xDeltaPTeca,beta_tpst,dispersion_tpst,dpx_tpst,EpsilonBetaTPST,D_xDeltaPTPST,beta_tcsm,dispersion_tcsm,EpsilonBetaTCSM,D_xDeltaPTCSM,mu_x_teca,mu_x_tpst,mu_x_tcsm,delta_mu_xtpst,delta_mu_x_tcsm,EasyDeltaXtpst,EasyDeltaXtcsm,ErrorEasyDeltaXtpst,ErrorEasyDeltaXtcsm,x_NONchanneledTPST,x_NONchanneledTCSM,delta_mu_TCSM_TPST,ratioDxBetaTECA,ratioDxBetaTPST,ratioDxBetaTCSM,Dx_BetaTECA,Dx_BetaTPST,Dx_BetaTCSM
15.1,119.03316589606968,47.584926704889604,12.246064730108243,1.0154652089725476,0.018441884949346354,0.001181619767360693,86.63241671176473,-1.3141071680298662,0.03147641209340941,2.81242958337204,0.044925967459067934,2.0321194632623697e-06,1.7796960363209008e-05,74.05347564483587,2.6007338439813497,0.044987916941131655,1.7370577307196466e-06,1.5218587186267519e-05,51.697986762196436,1.7016840132689273,1.2126694498258523e-06,6.515389082283845e-06,0.0,10.05707400263238,2.612451252084155,63.19045960655756,16.414515322818076,-0.004891385313727968,0.0075598799458818184,0.0007907852004593577,0.00012866710677464209,-0.05720227734964789,0.04975922176364872,-46.775944283739484,8.75783175396476,8.76112918824097,5.372765911782061,0.03246394005986572,0.03511967293006742,0.03291586616508758
15.2,117.19615070294444,47.73376489308162,12.075814278971569,1.0410164369249073,0.01818739813687107,0.0011741362818766092,85.51214582875433,-1.2965035325024108,0.031351352299824324,2.9091058451109837,0.046862031297066585,2.0058414907446943e-06,1.9041517840632506e-05,73.01095086370853,2.691479913671474,0.046977984712820796,1.7126034331359742e-06,1.6299144282818265e-05,50.6023042883546,1.8538996805561447,1.186968242758555e-06,7.733124057523894e-06,0.0,10.123460431695804,2.63069085332654,63.607577842244986,16.529118117353043,-0.009627203462604676,0.00837760244504181,-0.0003225699234518333,0.00037050450907190503,-0.05882528538363571,0.04862043712493365,-47.07845972489194,9.493032190476377,9.517173659387483,6.515021867435853,0.0340197970348765,0.036864057813679636,0.036636665199904606
15.3,116.58488182076803,47.39909623888222,11.93192101407093,1.0444780420304876,0.017972103976601775,0.0011718629989850582,84.90388370886397,-1.2949287797496336,0.0315278928087999,3.051164785057176,0.04951903223514324,1.9915736065102402e-06,2.0946614727539264e-05,72.22785886507674,2.8248434714417185,0.04970150214842245,1.6942345990165333e-06,1.795441643583052e-05,49.99233626966456,1.9744224463037099,1.172660343593377e-06,8.771273992052833e-06,0.0,10.18978491126922,2.647985613353359,64.024306837807,16.63778429944475,-0.012662256795363213,0.009086053259944372,-0.0013845562807062676,0.0006076294553089566,-0.04989536307000373,0.046844043322136805,-47.38652253836225,10.517620166820363,10.597361455286459,7.479807806218691,0.03593669278450962,0.03911016491183256,0.039494502430401375
15.4,116.80190983906085,46.76258568913149,11.804414170825028,1.044301381883234,0.017780931257353364,0.001179727960524961,84.56438745916248,-1.3036273183428198,0.031921761231148246,3.204269266826966,0.05237287118031237,1.9836101101319927e-06,2.31015184522466e-05,71.20738260606542,2.9696307413836274,0.05264606044187913,1.6702974892550268e-06,1.984209016538401e-05,49.606160168433846,2.087091017244463,1.1636018871708962e-06,9.800885057090688e-06,0.0,10.255665697839799,2.6643960578950208,64.43824802801271,16.740894163473204,-0.013493675832038811,0.00967843103434776,-0.002210674268456008,0.0008371799334591653,-0.03213648203224685,0.044463847146610225,-47.6973538645395,11.646199187152453,11.879374957471693,8.422885150968519,0.037891473740933324,0.04170397271603514,0.04207322256263957
15.6,115.79742973713223,46.03712272196211,11.74657122714577,1.0349547209176662,0.017696210992656954,0.001163654576601841,82.71882757841281,-1.264599566531222,0.031422254639755946,3.5236070509463477,0.058357710709771124,1.94031917705361e-06,2.7935564961327337e-05,72.2040505084569,3.279486082162023,0.05896856954619182,1.6936761311044994e-06,2.4198815166962432e-05,48.009804381776135,2.3083946544512153,1.1261564852360555e-06,1.1989543231572626e-05,0.0,10.391568241405137,2.703246773368269,65.29214889295076,16.98500040810813,-0.008469065170291347,0.01049547074753839,-0.0026456704092028497,0.0012628032942448258,0.01582804038902178,0.038061915438448536,-48.307148484842635,14.397407030603961,14.2877464720375,10.646427373776104,0.04259740078649163,0.04541969680465382,0.048081734224425424
15.7,114.6808813279885,45.93583098115998,11.757511629504751,1.023997804968169,0.01771181903065553,0.0011608365681334669,82.46712844486359,-1.2756835632717025,0.03185958579069733,3.6863831636347872,0.06141358488876848,1.9344151202630277e-06,3.057619686554255e-05,71.23913390868492,3.4473908512924,0.06238169341954872,1.6710422732802918e-06,2.674013328354272e-05,47.704763687325745,2.4223646018825096,1.1190012060021618e-06,1.3202663095020172e-05,0.0,10.457451867749377,2.719501725889798,65.7061079259806,17.087133286960306,-0.0035230909406355755,0.010713897550052297,-0.0021773334430466337,0.0014537420847961498,0.03739132069148646,0.03414299602157556,-48.6189746390203,15.806429832591993,16.002068715503686,11.798613821149596,0.04470124318805951,0.04839181306880151,0.05077825388172054
15.8,114.14331718747536,45.61283183671142,11.796029515141216,0.8943189214283703,0.017768990617969598,0.0011598629481473657,82.10000760724877,-1.2806176514809864,0.032155679959420466,3.845483240317997,0.06436192670037263,1.92580363939013e-06,3.327241804102485e-05,70.61113777832723,3.6328080510407155,0.06607163832464126,1.6563114922656142e-06,2.9693912255339047e-05,47.30345134359023,2.543656703998394,1.1095877017331342e-06,1.4557926212540944e-05,0.0,10.523781434223402,2.7364341501852096,66.12286888348179,17.193522846508166,0.0019722322489147907,0.010804077896479549,-0.0013324689572767434,0.0016270423555397998,0.05206505914832077,0.029822164478970514,-48.92934603697363,17.27716022572357,17.927734242018524,13.120122176734666,0.046839011985407804,0.05144808829515473,0.0537731736638508
15.9,113.83856551429868,45.20327771843227,11.895173884984247,0.7161736423540194,0.01791686460443767,0.001165486050794314,81.75606419312298,-1.2849019290994221,0.03242539857522161,3.9703619243512875,0.06643703313385182,1.9177358267556127e-06,3.546849107326153e-05,70.05545861855173,3.871558137252995,0.07044067671735617,1.6432770361258752e-06,3.372516542279223e-05,46.85529080992813,2.68794153122722,1.0990752887393832e-06,1.62563167694163e-05,0.0,10.590168096693205,2.7535243134563236,66.53998858570475,17.30090350927053,0.007067675441844119,0.01076668650008014,-0.0002568171689373433,0.001780645111415483,0.05730897854115619,0.02516310047184963,-49.239085076434215,18.494982770002487,20.523116115771536,14.790903713304264,0.048563515912074195,0.0552641894521514,0.05736687329785336
16.1,112.84336297398113,44.55497145852494,12.098395417741932,0.43788087408612986,0.018219493420611344,0.0011556038460934605,80.51039535024879,-1.2828624585390735,0.032862043168699215,4.638713076518234,0.08084059021404218,1.8885164190966274e-06,4.8414732764087825e-05,69.13730107137867,3.965862621816626,0.0753628855167821,1.621739996149727e-06,3.5388149254025054e-05,46.24285047470382,2.8213347955794683,1.0847093969342752e-06,1.7909842564681745e-05,0.0,10.723575357782666,2.787779370743906,67.37821112845312,17.516134381916462,0.012803178321976924,0.010319182995932662,0.0018347482147020343,0.0020217575414954968,0.03801104103739372,0.015101219104897083,-49.862076746536665,25.636384346209198,21.821099151554655,16.511189647015605,0.05761632465395538,0.057362126672000024,0.06101126480347097
16.2,112.66322899040672,44.11540888131724,12.114129321890305,0.33995585351968577,0.01824281059410335,0.0011516679941653862,80.0824497130918,-1.2850223296013048,0.03310690915515956,4.8035399855612475,0.08373786593565968,1.8784781829317713e-06,5.191649188399294e-05,68.59847252149385,4.238846217416212,0.0805200166164766,1.6091008014332106e-06,4.042758882353339e-05,45.80081841317608,2.9868099985665775,1.0743407382991926e-06,2.0072326426958882e-05,0.0,10.790035954148829,2.8048820844232636,67.79579537104739,17.6235939012195,0.012490702316514555,0.009917560106678599,0.0024880702131208007,0.002106432029303438,0.017109890641722955,0.009839529570875798,-50.17220146982788,27.637527204583247,25.12433577034138,18.683389460531608,0.05998243064205326,0.06179213707838846,0.0652130267983885
16.3,112.67725626471528,43.60782347275187,12.22014704047278,0.1466677077610226,0.018401021244034643,0.0011486249763483054,79.48946773176645,-1.284526333187415,0.0333378493562724,5.030372847907656,0.08808539790291886,1.8645687218852865e-06,5.693546472517481e-05,67.99273427029016,4.482799005140746,0.085543763864893,1.5948921190873287e-06,4.521484557110443e-05,45.39825536592188,3.143976262989401,1.0648978965251113e-06,2.2240320170041796e-05,0.0,10.856548511239824,2.8218570678229074,68.21370609250447,17.73025086750576,0.010030829920108314,0.009405207512423483,0.002709934193070878,0.002165775650780197,-0.006626637487191361,0.0045198398016099775,-50.48345522499871,30.535460590375408,28.349783054278596,20.88493201330814,0.06328351404845756,0.06593055939360173,0.06925323974783007
16.4,113.35962007609285,42.87073052334877,12.376000637730037,-0.11196428821845623,0.018633697850376704,0.0011509604458216213,78.44118238201278,-1.277400303150598,0.033550635706540835,5.291854721545476,0.09317567684245194,1.8399792997827636e-06,6.300838438637207e-05,67.02276201552566,4.735821794143788,0.09088677773464289,1.57213967176395e-06,5.046301814824639e-05,45.02498470664637,3.310074738268681,1.056142160501929e-06,2.465233823908008e-05,0.0,10.923022259351768,2.8383010183495387,68.6313729699546,17.833571255846678,0.005866929799119229,0.008789554384001908,0.002461355884648468,0.0021991083399576293,-0.02894900225761416,-0.0007858762074715586,-50.79780171410792,34.24407241636421,32.09830465738873,23.34187494926262,0.06746270977627361,0.07065990197549224,0.07351639894682882
16.6,113.37458526047507,41.91425965016583,12.835478528723922,-0.7863387324735689,0.019320180147418924,0.0011434952670987542,80.33651809733773,-1.3190959943823848,0.03410670896983341,5.922829018880096,0.10553831977396964,1.884437814767318e-06,7.892978307049837e-05,68.62205887311207,5.311695247123337,0.10316813388175294,1.6096540618178331e-06,6.348173939620347e-05,44.1621590993416,3.6941275418181,1.035903030894835e-06,3.070480116424284e-05,0.0,11.05652419924064,2.8759881558628706,69.47019039714432,18.070366524540102,-0.00449245158949631,0.007282871673886858,0.0007966970722338062,0.002186579790401821,-0.0545513738296031,-0.011078108607296334,-51.39982387260422,41.88505582512112,39.438125807300196,29.640613308872535,0.07372523927043799,0.07740506965763161,0.08364916066509019
16.7,112.26480068234584,41.86475309366405,13.156296167066486,-1.211780342629649,0.019799522273205947,0.0011418699472489874,79.22502936471378,-1.3102328123014089,0.03429105731125498,6.308039881195171,0.11309150895307851,1.8583658434141832e-06,8.953057607118478e-05,67.71152442802376,5.650476558487625,0.11037089479292407,1.588295835439468e-06,7.183774201054087e-05,43.789046079314105,3.924917686724151,1.0271509925843127e-06,3.466120240701014e-05,0.0,11.123024907182124,2.8924171867823105,69.8880266681993,18.173593170224326,-0.008898970496017851,0.006412002887309873,-0.0003312818517838063,0.002140934631236673,-0.05342817370481747,-0.015928291309092506,-51.71443349797498,48.17704564925683,45.2294468118806,33.74499236943005,0.07962180553011854,0.08344925928368352,0.08963240897312622
16.8,111.94185536690203,41.530426841662596,13.562453240329685,-1.720148507274264,0.020406533085870968,0.0011425605190032392,78.5008066892556,-1.3060292870324905,0.03446732094482956,6.761528479525878,0.12196385056045113,1.841377895364309e-06,0.00010286610160373895,67.27194009511959,6.034343551081649,0.11841824184910166,1.5779845926905574e-06,8.192992970808158e-05,43.39767359809813,4.195949488082816,1.0179706457043409e-06,3.96134822397205e-05,0.0,11.18959780908617,2.909343102881082,70.3063165472991,18.279941837566682,-0.011744802418945292,0.005477163116043493,-0.0014040610963942995,0.0020696998689135144,-0.04285185527061094,-0.020498535716518836,-52.02637470973243,55.863656158089874,51.92061448989574,38.91416948699111,0.08613323562764519,0.08970075104938777,0.09668604651348638
16.9,112.28814605311766,40.9600894562065,14.110740774112529,-2.3688929419866254,0.02122602571351972,0.0011552663962040432,77.60242704048099,-1.2961550071675036,0.03453523175515336,7.334461652735988,0.13308720793529535,1.8203047816389039e-06,0.00012103723740477314,67.21721399463782,6.465268589928861,0.12693659990186318,1.5767008933761602e-06,9.404932036482163e-05,42.95288979131836,4.540827816064934,1.0075374399251659e-06,4.639301382408534e-05,0.0,11.256247110910415,2.926252935268218,70.72508646125499,18.386189447968402,-0.012557191274129988,0.004490077272023656,-0.0022354275205216604,0.001973761477186765,-0.02480828693974821,-0.024731307524936838,-52.338897013286584,66.49284154261122,59.649436846221086,46.04594527775677,0.09451330238563281,0.09618471527910427,0.10571646839423424
17.1,111.17505445148021,40.34268461080171,15.463213962764529,-3.9243384939262405,0.023250497895834107,0.0011424764558795324,78.61312733666138,-1.3447172904343654,0.03572259095057655,8.355021806237144,0.15358860644013494,1.8440125785739315e-06,0.00015706437611107092,64.72200407389218,7.756367262372371,0.15826200100183196,1.5181712478077712e-06,0.00013536277449480424,42.60436814916077,5.117775684643577,9.993622367012619e-07,5.893116290624034e-05,0.0,11.388954073789604,2.9615749668860003,71.55890890057793,18.608124318048986,-0.00797403597102564,0.002407634876149843,-0.0026626006273316478,0.0017127171490436154,0.01981177708067719,-0.031983252735581336,-52.950784582528954,85.17532794301044,89.16172973916292,58.96877102417125,0.10628023702016957,0.1198412715019924,0.12012326216705994
17.2,110.20003915428654,40.27305248438924,16.336164450001345,-4.901830876322121,0.024556476073572375,0.0011380300251788236,77.81901711879381,-1.3364055060522628,0.03580075641862575,9.320992098406988,0.17236417925923977,1.8253852922652367e-06,0.00019548201082177238,64.74967511015986,8.538384763075559,0.17427749220565408,1.518820321832282e-06,0.00016403403231522197,42.17821624934302,5.692965429425385,9.893660758783781e-07,7.292217460642326e-05,0.0,11.455547747262827,2.978579731206543,71.977329291296,18.714968403379874,-0.0034050484036442876,0.0013376087313144245,-0.0021832012122549945,0.0015508246243081613,0.03839364271184033,-0.0349153056427053,-53.262360887916124,107.09082167479629,108.00094649598432,73.70595817294581,0.11977781837282941,0.13186760780728307,0.13497406803005946
17.3,109.7473494486843,40.003772093013154,17.563450792238616,-6.228491760744173,0.026393485159120853,0.0011368640826672802,77.37246779720198,-1.3366325227557339,0.03601522066211165,10.483207159111288,0.19501162392858104,1.8149106731543267e-06,0.00024726967276689487,64.52743749468671,9.559120809363174,0.19598525537795158,1.5136073380438396e-06,0.00020559777895800017,41.83904260991032,6.379400808798286,9.814101469053946e-07,9.15676980284165e-05,0.0,11.52199981340099,2.9957379999441476,72.39485993688703,18.822776985408627,0.001694063316819532,0.00026507865220076857,-0.0013253841421516225,0.001370538445941298,0.04989598812662542,-0.03733879590711187,-53.57208295147841,136.24343964936773,135.83296921889348,93.30217169360833,0.13549014859637698,0.14814040632173386,0.1524748275976853
17.4,109.92776751389991,39.61095727792478,19.25239234490776,-8.014793598739342,0.028922343762100337,0.0011415398981815985,77.15151432831266,-1.3429079822688883,0.036336316574575894,12.002550817143259,0.22459092088642837,1.8097278113383022e-06,0.0003241377587657392,64.30054006772659,10.917639190996516,0.22505361194024723,1.5082850499790395e-06,0.00026818840238576196,41.61379922586886,7.274924318574382,9.761266573981744e-07,0.00011908017864221614,0.0,11.588105891935392,3.0128868556667645,72.81021667824965,18.93052642371992,0.006443181954827443,-0.0007974295650515806,-0.00023765468375332212,0.001174043048285083,0.052346195622928415,-0.03922767820149057,-53.879690254529734,179.10856910909592,177.81015756238446,121.99254854858638,0.15557116307616825,0.1697907852639677,0.1748199985078985
17.6,109.58476369505092,38.969266688206645,25.321032571031896,-14.275440963561865,0.03801512563902511,0.0011338940471069673,75.47134463487339,-1.317807249004736,0.03626033110671397,17.245239376037244,0.32635787054233717,1.770316403170142e-06,0.0006691461325578572,63.25037100348325,15.641164579547183,0.3261026649273261,1.4836514419583238e-06,0.0005504535661600832,40.272479380461576,10.36066723485012,9.446635830921558e-07,0.00024152270749041782,0.0,11.723273838144491,3.0479050772237026,73.6595019318723,19.15055239889003,0.011852760524171793,-0.0028439909135781604,0.0018655655411418616,0.0007420498031599921,0.03041085244682032,-0.04133494306762049,-54.50894953298227,377.98109499499833,371.0127261653318,255.67060254386487,0.22850049193463895,0.24728968907843735,0.2572642011178645
17.7,109.22152339972536,38.69877627948472,31.46728117840439,-20.518542408535684,0.04722774136044779,0.0011334488336620803,75.26795850458777,-1.323471216776044,0.03655707044939909,22.44388490367822,0.42692838249528925,1.7655456149409951e-06,0.001133387931531499,62.95151362395662,20.33555143378557,0.42624092756731313,1.476641203519562e-06,0.0009304529672613115,40.02121148902105,13.415190414380254,9.387696418624192e-07,0.0004049265011716796,0.0,11.789353152724454,3.0652201056055604,74.07469051034963,19.259345930812316,0.011612980481172635,-0.003804845281068113,0.0025152747874393963,0.0005117743530389723,0.010126952155401658,-0.04153875296892397,-54.8153445795373,641.9476913766271,630.1144550508171,431.3374475641846,0.29818644413359785,0.32303514662508037,0.33520200701721437
17.8,109.29907326745418,38.278038992782626,43.80299881880136,-32.95939139671791,0.0657236564008941,0.0011361512522184908,74.85627205069457,-1.3221308337710513,0.03671075070031673,32.778359091060956,0.6261105830871025,1.7558887672219563e-06,0.0024174468555807115,62.54384010146226,29.674802628732543,0.6246835917663391,1.4670784863386037e-06,0.0019813362998720215,39.611098636445824,19.469027551750766,9.29149705798244e-07,0.0008528468260743686,0.0,11.85574878672588,3.0827967926569717,74.49186658236825,19.369783512642638,0.009372928176176978,-0.0047097300073360975,0.002727090235833842,0.0002756309887374305,-0.011768175674493078,-0.04117902786180774,-55.12208306972561,1376.7653741560325,1350.5319029091988,917.8788097895133,0.4378839366841915,0.4744640332380031,0.4915043566561793
17.9,110.26015706083467,37.558806415380914,80.59113442584065,-69.857668152336,0.12089700157607343,0.001157199687934863,74.11517071362698,-1.308062479263717,0.036578576606571676,63.43948261328131,1.2120901464429186,1.7385048997452419e-06,0.009055277897041848,61.924893145162336,57.41066160852006,1.208582409475377,1.4525599700099085e-06,0.007415964149237998,38.9186973174035,37.26904851979508,9.129081850116794e-07,0.003125209449534389,0.0,11.922177994924693,3.1011790297705697,74.90925360729061,19.485282514787887,0.0055369630955736816,-0.0055487426725376165,0.0024634394278091813,3.647292705010662e-05,-0.03134113799169202,-0.04026740158459218,-55.42397109250272,5208.658254784784,5105.444389457745,3423.3557118281356,0.8559581257446551,0.9271015046233482,0.9576129492681982
18.1,109.48334663514045,37.06377470116993,81.34763433594541,-74.83769640004049,0.12203195547218466,0.001136483034183244,75.43953969536697,-1.388039193083454,0.038794679996112205,-61.820296443731365,-1.2225753516269555,1.7695703609950297e-06,0.008598935367879356,62.46804834519838,-55.7053775895579,-1.2179135935440935,1.4653006541032281e-06,0.0069819504578892445,39.938055811812696,-36.985113426651765,9.368190755900032e-07,0.0030777718841601674,0.0,12.0554460467552,3.1307988471153307,75.7466014724685,19.671389315929833,-0.004077627306079079,-0.006995001621450273,0.0007634310616980413,-0.00043967906435658213,-0.05066721775075095,-0.036867718691543934,-56.07521215653867,4859.335100438828,4764.858623612801,3285.3428846138777,-0.8194681024482442,-0.8917419235147227,-0.9260619395426974
18.2,108.37920094631689,37.057091953610254,42.608873081320844,-36.03472529925774,0.06393315592735388,0.0011302968847167123,74.67642601403294,-1.3738660810880634,0.038666928278298464,-29.78045831714356,-0.5892737267576879,1.751670154312811e-06,0.001995470319553031,61.778575645173454,-26.820921148892968,-0.5866346788314192,1.4491278293536857e-06,0.0016185640753690518,39.234609788958274,-17.627146725271228,9.203184813707166e-07,0.0006991116787670404,0.0,12.121849070463746,3.1490581929135057,76.16382397538634,19.786116169167638,-0.008189819579711835,-0.0075867275550273805,-0.00037832460587736133,-0.0006707804796824228,-0.04706926486658694,-0.03443854063983531,-56.377707806218694,1139.1815489006055,1116.9229122395193,759.6410296202982,-0.3987932993947423,-0.4341459942835117,-0.44927544380043777
18.3,108.10527447385634,36.78813537787365,29.83874341667367,-23.228271203984356,0.044786372780174985,0.0011292942330174928,74.26273395957996,-1.373352479615581,0.03886332860889719,-19.194803271693246,-0.3813958622506496,1.741966261618141e-06,0.0008289910634377628,61.24571488806345,-17.269756002281806,-0.3793969244809867,1.4366286199718827e-06,0.000671050062851284,38.8238138974619,-11.28816705648615,9.106825233976704e-07,0.0002867011098640632,0.0,12.188183287368323,3.166385415054389,76.58061415240444,19.894986316737473,-0.010860643093597327,-0.008082960258494365,-0.0014586695043550051,-0.0008936105380303491,-0.03503935626021489,-0.03157097695088297,-56.68562783566696,475.8938687295237,467.1005808476916,314.8200415600472,-0.2584715408153526,-0.28197492728830265,-0.29075368757689496
18.4,108.44900326110749,36.31220990324053,23.476853496800295,-16.839223852212434,0.0352512701217503,0.0011370907498120407,74.00857163439845,-1.3814249656261839,0.039297271537984096,-13.913634686172951,-0.27787292556072263,1.7360044262286497e-06,0.00043557576790561887,60.53311282383886,-12.50189043575644,-0.2761469697575112,1.4199132543012042e-06,0.0003516688450522313,38.544269969596,-8.138163710866301,9.041253167743906e-07,0.00014901684431593764,0.0,12.254058521117562,3.182877299749083,76.99452045320467,19.998607884338874,-0.011642481138482236,-0.008478990572383875,-0.002289599682429144,-0.0011054895073283342,-0.016792306789119457,-0.028308408850857822,-56.995912568865805,250.907060676036,247.66924598172125,164.81879397822715,-0.18800031373266002,-0.2065297793645432,-0.21113809438564393
18.6,107.91291211909108,35.82362307310973,17.12915389522844,-10.455632479434037,0.025741759223656124,0.0011247394452617095,72.94550145541872,-1.3510634932620997,0.0387326498064084,-8.63131161020181,-0.1743475892107046,1.7110681993113513e-06,0.00016762396525291025,61.268764160814015,-7.724769924212537,-0.17268333608606953,1.4371692822037387e-06,0.00013426215835954177,37.52411281429924,-4.9992356063602195,8.801956921655991e-07,5.623280245777462e-05,0.0,12.390105876312715,3.2215115384187296,77.84933119644751,20.241353965102068,-0.007408785149629279,-0.008957952734053334,-0.0026913188949739464,-0.0014865075757563714,0.02462917719215317,-0.02079282556462716,-57.60797723134544,97.96451440122223,93.42125525648986,63.88670492060877,-0.11832548187329839,-0.12608006755182943,-0.13322728324319424
18.7,107.19925951670491,35.711825172143975,15.322119013583903,-8.635667624527395,0.023037030650261036,0.0011222933786951227,72.75944517791348,-1.3610967072839557,0.03920568992251117,-7.121123606875505,-0.14474268352925837,1.7067039140110982e-06,0.00011409840320489913,60.572956328682785,-6.3507712496905695,-0.1428757498430334,1.4208478555134422e-06,9.074766479826672e-05,37.29384744539937,-4.105361825671296,8.747944029528839e-07,3.79214903692781e-05,0.0,12.45600959364665,3.2378987786882605,78.26341646488859,20.344318032388806,-0.0031522976838997446,-0.009037658961821236,-0.0021900470145173336,-0.001651066017397376,0.04037619484334566,-0.016648066282165717,-57.919098432499794,66.85307408520842,63.86867140357815,43.3490317739499,-0.09787215377278827,-0.1048449941130465,-0.11008147742551405
18.8,106.91827271473024,35.45876295523438,13.977777789064504,-7.278784009617331,0.02102565694714217,0.0011222481855187592,72.5318973620989,-1.3659174014899746,0.03950993220798598,-5.991509330389897,-0.12264963817372546,1.7013663699035836e-06,8.077091412633569e-05,60.09436198058832,-5.308174631063654,-0.12023973166339391,1.4096215625542381e-06,6.339761530620245e-05,37.01084177456256,-3.438592492527092,8.681559949094543e-07,2.6603816241743283e-05,0.0,12.522407067594715,3.2549812682535926,78.68060409763292,20.45165047983575,0.001611980817892281,-0.009010844624977631,-0.0013081722842294976,-0.001795669200476391,0.04882329939270087,-0.012321258921556624,-58.228953617797174,47.47414522535377,44.97491879403845,30.644050605810733,-0.08260516473846889,-0.08833065958464291,-0.09290770832698073
18.9,106.89564051404005,35.129956787377516,12.973652709809409,-6.264700689837867,0.01952387624919519,0.0011294784696396377,72.3703593981479,-1.3695654832535251,0.039736013981893484,-5.133159436380939,-0.10617369779138935,1.6975772058347479e-06,5.928598304844004e-05,59.573292110725724,-4.462211181611216,-0.10195019686277472,1.3973989296824072e-06,4.480048941591637e-05,36.70742104908202,-2.9338165018229185,8.610387149672633e-07,1.9366378349329054e-05,0.0,12.588997502971496,3.2724662674818523,79.099004142791,20.561511970082798,0.006060927231669735,-0.008879023648751986,-0.00019782737662519932,-0.0019186017124941045,0.048504546656626235,-0.007872185225661611,-58.53749217270821,34.92388024807826,32.05991393316607,22.49187871890913,-0.07092903060133632,-0.07490288052769586,-0.07992434276164675
19.1,106.36377083338127,34.64897654559968,11.399862209224846,-4.681968940342049,0.017172286515758212,0.0011202408930911015,71.28974928979133,-1.3744021275197442,0.04052449667605298,-3.7008513977170954,-0.07579736202337373,1.672229548263385e-06,3.0816677402965296e-05,59.518365366931626,-3.463245454939576,-0.07928205329731883,1.3961105239175192e-06,2.6986655432609166e-05,36.19790627132123,-2.090613522764334,8.490871276053134e-07,9.833996028521471e-06,0.0,12.721629491878552,3.3052184225486942,79.93235550675382,20.767299829577244,0.011154534417547119,-0.008312354692353028,0.0019330208229830822,-0.0020939378281910294,0.023545145612062647,0.0011501391748090992,-59.165055677176575,18.42849711331109,19.32988468340169,11.581845618430657,-0.051912812635561564,-0.058187845610151,-0.057755095200649184
19.2,106.05958141095415,34.42663502750428,10.76313847194636,-4.039275119439772,0.016221166987917215,0.0011179684219592312,71.07814979140845,-1.3765212012136756,0.04072715209788212,-3.2395658673557355,-0.06706541832357762,1.667266100683352e-06,2.361327077010672e-05,59.01113900219378,-2.975017648653977,-0.06867924284552747,1.3842126154072095e-06,1.9914142522055938e-05,35.887671316649744,-1.8230864696605558,8.418100076368174e-07,7.478199620683626e-06,0.0,12.78830111825761,3.3227266277212975,80.35126569002449,20.877307127072832,0.010944228984238264,-0.007886351226745612,0.0025834761662502457,-0.0021442858939906585,0.003448253656880909,0.005602057088235961,-59.47395856295165,14.162868638922422,14.38662117394268,8.883476738031309,-0.04557752103653262,-0.05041450985284962,-0.05079979844818608
19.3,106.08555983928696,34.100725155608366,10.25404642280526,-3.51438788470841,0.015461037987772996,0.001116439794030697,70.71768409038941,-1.3774411169466376,0.04097057289025323,-2.8298736279037904,-0.058999971266625394,1.6588107280332224e-06,1.801841568728706e-05,58.55764796396294,-2.582327131879961,-0.06001912680693347,1.3735751658221423e-06,1.5003930186097617e-05,35.57908445708835,-1.5858271146323433,8.345715467093322e-07,5.6584071843820725e-06,0.0,12.854895587261636,3.3398756725764724,80.76969107921,20.98505775373903,0.008851935261158862,-0.007372875750532167,0.0027866981434743936,-0.0021688858325156707,-0.017156505094087865,0.009935629098003537,-59.78463332547098,10.862249310776216,10.923268387075952,6.780014495692847,-0.040016491833736005,-0.044098887535051874,-0.044571892133565064
19.4,106.63643668444249,33.61445057611969,9.824592698960037,-3.065944335999412,0.014820134827082897,0.0011214725971011067,70.05608843487467,-1.3741708121264342,0.04122904212080409,-2.4720604574829026,-0.05185793275195111,1.6432918096027872e-06,1.3749936537263802e-05,57.89634810954266,-2.2487793553367497,-0.05259986006620736,1.3580631859394717e-06,1.1378269325224728e-05,35.22579678801027,-1.3795115102259587,8.262845477346556e-07,4.281867015403287e-06,0.0,12.921429468662271,3.356523648466271,81.18773578525611,21.089660071244094,0.005251111204862029,-0.006778878600928298,0.0025065022720078553,-0.0021674700132295285,-0.034593890970299905,0.014094066302983863,-60.09807571401201,8.367312766311057,8.378306284293796,5.18207320606741,-0.0352868753125001,-0.03884147150493761,-0.03916196753555054
19.6,106.73834241739279,32.971050093891925,9.137544901293138,-2.3306714143074405,0.01379497638568287,0.001113161108302343,71.27520685568663,-1.4043319472042994,0.04169960844808812,-1.878994672633016,-0.03986532253301966,1.6718884292630263e-06,7.943897204512324e-06,58.842400173911685,-1.7052177630227117,-0.04038040237961432,1.3802545420880618e-06,6.542477143488408e-06,34.99134372050506,-1.0406263255876491,8.207850285040647e-07,2.4365320863886166e-06,0.0,13.054941877073212,3.3937188131758136,82.02661898810989,21.323364183645214,-0.0038131747472657414,-0.005381003687475748,0.0007617901410803743,-0.0020870635455745414,-0.0487508631694369,0.02167507748346794,-60.703254804464684,4.751451750888676,4.740051160122167,2.9685386572283834,-0.026362528507808913,-0.028979405292490695,-0.029739535980661362
19.7,105.98722708660958,32.91106338798764,8.857256868871367,-2.0251652647725265,0.013377479489546146,0.0011112374270950056,70.57808782622901,-1.400106961635972,0.041943605943392734,-1.6296596856191858,-0.03476420075707161,1.6555362460763944e-06,5.975529054597953e-06,58.235522397850325,-1.4794756601808006,-0.03525307139557527,1.366019130132987e-06,4.9249085154016865e-06,34.64022470541544,-0.9001325365794564,8.125488992170443e-07,1.823036812670174e-06,0.0,13.121491565439083,3.410326982258198,82.44476301224772,21.427716387602807,-0.007712147329117875,-0.004595045369587341,-0.00040130847878161284,-0.0020090990599715406,-0.04303502205716933,0.02500033917030206,-61.017046624644905,3.6094220641558903,3.6052998137165386,2.243602587397282,-0.023090164891284484,-0.025405038012253037,-0.025985181800472996
19.8,105.76535396915642,32.68754458891064,8.610594022834965,-1.7515329385638745,0.013009970734767489,0.001111530925565594,70.14001110236008,-1.3989911302953846,0.0421610452603087,-1.4039801092261173,-0.03011477033128994,1.6452603670144246e-06,4.435110330980807e-06,57.92308152417163,-1.277578783304833,-0.030644131602116164,1.358690266358661e-06,3.6724669819889804e-06,34.33961223356632,-0.7752654857879843,8.05497491924824e-07,1.3523322902716784e-06,0.0,13.188119584285245,3.4273555645192513,82.8633992013084,21.534710125467555,-0.01026289285370683,-0.0037637960462328784,-0.0014975071322646141,-0.001907136000879769,-0.02970269273909302,0.027959135560421542,-61.32868907584085,2.695689034939187,2.7029464131154226,1.6788783377092003,-0.02001682188468995,-0.022056471266496624,-0.022576419340873538
19.9,105.92915645412691,32.345232753000154,8.396496773868648,-1.5042289035689878,0.012690808030592466,0.0011195419952053072,69.64547751216408,-1.3943877205018544,0.04227578329938383,-1.1946789694536168,-0.025784359791966503,1.633660190405963e-06,3.211330140123201e-06,57.83379191055086,-1.0974858412933384,-0.026551370748246244,1.356595817553087e-06,2.7100691366385302e-06,34.0294499883421,-0.6659992680315527,7.982220774874509e-07,9.979988062917689e-07,0.0,13.25488728190778,3.4444393514879854,83.28291301800454,21.642050724740493,-0.011037780378848007,-0.0028974305767053656,-0.002336463341119884,-0.0017824224654269475,-0.011176876625142398,0.030515250369939885,-61.640862293264036,1.9657271193743104,1.997698283875535,1.2502771276799955,-0.017153719266910873,-0.018976549955271385,-0.019571261606041605
20.1,105.25844318961195,31.928332661521427,8.014875942181773,-1.0790183503395248,0.012122806740119858,0.0011130734179069274,69.93626007964882,-1.4280601089886258,0.04345893920297071,-0.8657378518284975,-0.018760173361243308,1.6404810195758239e-06,1.6863795631993983e-06,56.34760368686002,-0.7615961618577823,-0.018359844120178537,1.3217345943520569e-06,1.305064605952137e-06,33.67818295069334,-0.4493743920398594,7.899824760645388e-07,4.5435902449768486e-07,0.0,13.387218443960542,3.4791859031350176,84.11437423109643,21.86036974752428,-0.007108542153075003,-0.0011012186190621136,-0.002728302853081436,-0.0014710456672183388,0.027809736716330545,0.034303774589208226,-62.25400448357215,1.0279787105585911,0.9873877944398575,0.5751507638006964,-0.012378955506664615,-0.013516034614181521,-0.013343189942811568
20.2,104.71835669501561,31.792415080780053,7.848293087899122,-0.8760639741305933,0.011875384935419021,0.0011105030339520123,69.50774221815252,-1.4246774715167667,0.04358803496074679,-0.70143186481983,-0.015277753970763742,1.630429360857824e-06,1.1070149872154045e-06,56.3238454595179,-0.6231112316060218,-0.015139223971187802,1.321177302312575e-06,8.7360211564554e-07,33.39318760087111,-0.3673797516816967,7.83297396514699e-07,3.0367773437783653e-07,0.0,13.453939979848847,3.4963399475012973,84.5335980050623,21.968151787045198,-0.0031069668117080923,-0.00019276300180763692,-0.0022117266052513857,-0.0012881697785677036,0.04131691439507089,0.03549333365179779,-62.565446218017094,0.6789714499700659,0.6612300363595378,0.3876914895020181,-0.010091420645175918,-0.011063009397216595,-0.011001637701460794
20.3,104.63009880855824,31.564736368924954,7.701558720479938,-0.6914717080687895,0.011657385342382216,0.001110047698524731,69.23787314511694,-1.4268220819448907,0.04384625228395908,-0.5524395117713295,-0.012076624882671343,1.6240990953906516e-06,6.866761818738262e-07,56.17419894832426,-0.49221617566154435,-0.012015593802119534,1.3176670736989872e-06,5.451227180614717e-07,33.15430867328075,-0.2888248469679361,7.776940607595083e-07,1.8769453250861632e-07,0.0,13.52045798035435,3.5135417631979653,84.95154292850142,22.076233982687313,0.001391026979209433,0.0007084709356840764,-0.001311404191914512,-0.0010900383358039168,0.04735385279602738,0.036195364555374906,-62.87530894581412,0.4228043620137951,0.41370292158184535,0.2413475195185506,-0.007978863108828622,-0.008762317663209467,-0.008711532784898685
20.4,104.9173944504621,31.251507385408335,7.569932163012662,-0.5193061012278146,0.011462090261835244,0.001114512615127556,69.07769585880595,-1.4335652082562722,0.04422714406351159,-0.4138714357560364,-0.009067292929543164,1.6203418484680814e-06,3.8540152200321667e-07,56.07338226197728,-0.36928176112539746,-0.009039401396123048,1.3153022366284834e-06,3.06830292974719e-07,32.988587957491966,-0.21514906550910595,7.738067827081455e-07,1.0415052087624354e-07,0.0,13.586650087805515,3.530695622689687,85.36744020548984,22.18401486060712,0.00560885537599585,0.0015920641571480643,-0.00018312793010102931,-0.000879043429675528,0.04488829879977725,0.0364046558660541,-63.18342534488273,0.23785198312787303,0.23327740532185032,0.13459499606832173,-0.005991390283225212,-0.006585687294554429,-0.00652192406011255
20.6,104.61377618876803,30.825081344985378,7.344659367181442,-0.20290504934381348,0.01112598945789567,0.0011097751025828484,68.13618477288887,-1.4160279868117756,0.04410483606399315,-0.16081341652207792,-0.0034863831602687254,1.5982570091528511e-06,5.818714860038248e-08,55.08931706456157,-0.14391192624026802,-0.0034825953132702325,1.2922192139368627e-06,4.659894565691478e-08,32.07172530784666,-0.08087573520075926,7.523001168871803e-07,1.4716990224592494e-08,0.0,13.721634644303776,3.5657701302997173,86.21557318757587,22.404394491479025,0.01049149890744993,0.0032664487414205572,0.0019686270931279027,-0.00042873030491386287,0.017839435503113364,0.03535686390752961,-63.811178696096846,0.03640662813750106,0.036061176891919816,0.019562658431434947,-0.002360176418126437,-0.00261233817931726,-0.0025217145140917076
20.7,104.32256838283911,30.650863064308442,7.248620050757331,-0.055216309938304294,0.010984332423712974,0.0011100702434519065,67.9796552463526,-1.4222017718653424,0.04446415429650326,-0.04414086676935298,-0.0008720557905710776,1.5945853270098042e-06,4.383936268086983e-09,54.95114596970087,-0.03992634105583715,-0.0008715428652093696,1.2889781618944051e-06,3.5867535977408115e-09,31.89357967077408,-0.019103182783738137,7.481213899148632e-07,8.210960830550457e-10,0.0,13.787790655382201,3.5830475407102025,86.63124366436544,22.512951662716294,0.01033635557387698,0.004038376494793828,0.002617704498644211,-0.00019484291674792665,-0.0018280931410825096,0.03412181652762329,-64.11829200164915,0.0027492641465024776,0.002782633332181033,0.001097543920176493,-0.0006493246635245524,-0.0007265788611187811,-0.0005989664058074824
20.8,104.41057766444992,30.368687651423823,7.163498675724707,0.018658382589448297,0.01085798858751665,0.0011134371896622725,67.71324393716036,-1.4228805318637316,0.04466761348435341,0.06655886238507164,0.0016364496534721417,1.588336169625173e-06,9.967684864488535e-09,54.7044203178659,0.05870905096717092,0.0016368373077878438,1.2831907670806595e-06,7.755193497298214e-09,31.619050577698935,0.04007891791452561,7.416818152793559e-07,3.614219237698384e-09,0.0,13.854227326823807,3.6005600861389384,87.04867758222525,22.62298623084544,0.008399179446267361,0.004755267717557801,0.002811200717762046,4.114457879635623e-05,-0.021058066212738695,0.03243763140510481,-64.42569135137983,0.006275551142829406,0.006043679315852445,0.00487300505856016,0.0009829519088886067,0.0010732048822752471,0.0012675560202555056
20.9,105.21562534095544,29.871436044194287,7.089641810954725,0.05939269615701703,0.01074895915923697,0.0011345050315613786,67.25548348047309,-1.4141338356867887,0.04460267549939154,0.168824074989586,0.0039882746614389245,1.5775985731358469e-06,6.412852866620103e-08,54.3353828488888,0.14976407867770533,0.003991219079684786,1.2745343281649987e-06,5.046587833990931e-08,31.1917361023,0.09853558893960548,7.316583841510171e-07,2.1845840147268534e-08,0.0,13.920700192553848,3.6187389845500464,87.46633891550638,22.737207618242827,0.005026733128015153,0.0054093198660644035,0.0025145684370031216,0.0002763913173330508,-0.03641079380127609,0.030330432914575673,-64.72913129726355,0.040649459094483434,0.03959554264228189,0.02985797828670746,0.0025101904893539612,0.00275629011567309,0.003159028680431152
21.1,105.10561362132721,29.42715902148925,6.966251300201962,0.11723087216146763,0.01056360263524403,0.0011126469143162064,67.98872798070411,-1.475644120770277,0.04673606442623397,0.4046405968385629,0.009405553957462426,1.594798144344937e-06,3.684015283722039e-07,54.495482756044794,0.35986392116323934,0.009418360074672585,1.2782897600200357e-06,2.9137959394870984e-07,31.61025384151467,0.1914842244298703,7.414754719786409e-07,8.24989684623951e-08,0.0,14.053936874238365,3.64920767343375,88.3034896762439,22.928648036565942,-0.0035210193842787913,0.006502199182318338,0.0007292929931794246,0.0007335654133886501,-0.04575584747341743,0.024975700256312478,-65.37484163967795,0.23100197957875399,0.22794487060910415,0.1112632468370735,0.005951583576521743,0.00660355506481539,0.006057661712870792
21.2,104.24978613013987,29.42915859438361,6.9156883742888695,0.1441926723284147,0.010489238716209277,0.0011085100699721603,67.52070679085564,-1.466863345473363,0.04667735608952691,0.4991601552698898,0.011647738118554126,1.5838198638673805e-06,5.606119363703862e-07,54.07542587901263,0.44398738262660026,0.011671039892671826,1.2684365689410622e-06,4.4353079084614304e-07,31.17824680091127,0.24466231909800756,7.313419682764715e-07,1.346842133694344e-07,0.0,14.120381777383843,3.6672919905127,88.72097531542452,23.042275151926773,-0.007215688359430685,0.006929548142184545,-0.000450029612897135,0.0009499221641668638,-0.038131604938086316,0.021806408281281314,-65.67870016349775,0.35396193036844525,0.34966730044405686,0.18416037806067667,0.00739269742563612,0.008210520313237468,0.007847212213704609
21.3,104.07434785498661,29.243999487456563,6.874138790894368,0.1624704836236712,0.010427932836718341,0.0011074256601329886,67.25157671641445,-1.4680423655203012,0.046915604674475204,0.5970497188077726,0.013982883394276132,1.5775069329440657e-06,8.020538251389907e-07,53.72402570420401,0.5311753510990107,0.014020801514415778,1.2601938445461255e-06,6.34831320634104e-07,30.901134844592093,0.2946472137625486,7.248418079287291e-07,1.9533820630057425e-07,0.0,14.186750703847466,3.6845975435568166,89.13798357903406,23.151009148546187,-0.009643785415351479,0.007271724143113801,-0.001555087555422298,0.0011546845258478967,-0.023678803721103862,0.018366759951248264,-65.98697443048788,0.5084312521163604,0.5037568810397947,0.2694908104966554,0.008877854586598078,0.009887109987318862,0.009535158344325787
21.4,104.42383418495828,28.924089638131118,6.841188544715417,0.17917086250329653,0.01037969188029587,0.0011143753765042444,67.05516129011966,-1.475557020869777,0.04738290775398151,0.6955128474226746,0.016350914522711556,1.5728996551396545e-06,1.0884107720924928e-06,53.239235129483326,0.6190059028495405,0.01640995277916653,1.2488222079245388e-06,8.621286924657932e-07,30.694835685145012,0.34336247128434855,7.200026893507274e-07,2.652700200446139e-07,0.0,14.25267895865817,3.701182401613755,89.55222302098865,23.2552148850112,-0.010394885995793642,0.007525570942053112,-0.002393279377615606,0.0013453977764003719,-0.005006708467030274,0.01470467621769432,-66.29700813597745,0.6919772463144542,0.6903534282102454,0.36842920723507977,0.01037224926525016,0.011626874453475038,0.011186327068384383
21.6,103.97585696109928,28.5047708430128,6.801899545069608,0.18792683724057918,0.010318968729820202,0.0011062004413038503,66.5375946652033,-1.4559422192564826,0.046887293739895516,0.8943130937519163,0.02118896085332136,1.5607591971915995e-06,1.7995407967262785e-06,53.72954218000495,0.797445989564046,0.021330575687109297,1.2603232434278511e-06,1.4308202391115066e-06,30.03483666191122,0.43950102707720295,7.045212228078993e-07,4.346125938043116e-07,0.0,14.38865479125725,3.739335380258293,90.4065843745067,23.4949371198557,-0.00669910852798029,0.007761036092673164,-0.0027539621381239164,0.0016758154599752462,0.03143814954910638,0.006915554190102924,-66.91164725465102,1.1529906727215435,1.1352803707880008,0.6168907049700286,0.013440718713260143,0.014841853423809922,0.014633042024648586
21.7,103.66236036728294,28.428452852130967,6.797309867164893,0.18915957927658858,0.010312750434194018,0.0011046829750035916,66.38654345874768,-1.4647871399550438,0.04738311714229165,0.9952961052558906,0.023669215082196375,1.5572160189190947e-06,2.228882258559476e-06,53.2384608752319,0.8896113022425077,0.02390047666169873,1.2488040463957076e-06,1.7806686054246234e-06,29.859439924940567,0.4879282870372287,7.004069762415516e-07,5.356665299049395e-07,0.0,14.454627869730382,3.7558674524312217,90.8211054518385,23.598811192829874,-0.0029091922199394956,0.007741674522297429,-0.0022109007847202922,0.0018115597143895713,0.042691348521497266,0.002894893971013772,-67.22229425900862,1.4313250258667407,1.4258991317044343,0.7647932531731416,0.01499243752424561,0.01670993653117386,0.016340838551016455
21.8,103.55076109194813,28.245414257491277,6.803248712918736,0.1881934324394636,0.010321703811718829,0.001105017642682748,66.24033698786393,-1.4695870411648952,0.047700332082227875,1.0972150022263096,0.026174158353279974,1.5537864826506294e-06,2.7087317124985812e-06,52.87900727986463,0.985949136720281,0.02659365015498805,1.2403724145076608e-06,2.1872153254488013e-06,29.662208623898387,0.5375191192774793,6.957805606245675e-07,6.500853080748833e-07,0.0,14.521098204509125,3.7730496727556693,91.2387508826836,23.706770267117168,0.0013611462513041898,0.00763205895109016,-0.0012817444935359233,0.0019254468229340732,0.046294030035004,-0.0011384114386928865,-67.53198061556643,1.7433101283502686,1.7633537314008787,0.9343251951324052,0.016564151876632714,0.01864537909159487,0.018121345112663268
21.9,103.74885810886366,27.955721265784707,6.829380695031937,0.18064340199585668,0.010360581533044073,0.001111518183599192,66.16481166767302,-1.472761139423914,0.04789593280661533,1.1959054241783384,0.028542493328826905,1.5520149001535177e-06,3.217927013053136e-06,52.42606084249658,1.0931869771862164,0.02954688177243816,1.2297477395173122e-06,2.6888799759514587e-06,29.480922949596202,0.59039844100213,6.915281784200425e-07,7.842832180599275e-07,0.0,14.587854632637974,3.790746191996192,91.65819389106258,23.817960776797438,0.005373988281473758,0.0074343387910743184,-0.00012683811210546534,0.0020161280544803402,0.041617517170370905,-0.005130579223371089,-67.84023311426515,2.073386674789549,2.1865297162545465,1.1341305279154432,0.01807464412027696,0.0208519762808515,0.02002645717746149
22.1,103.54793963739708,27.583075097367118,6.895471682888159,0.13764877643042922,0.01045970514621879,0.0011040145202224655,65.35153002192064,-1.4846736811457935,0.049031077595462706,1.4691646358051071,0.035940010178392864,1.5329379134529604e-06,4.856500635975795e-06,52.779675192751746,1.2479370454326557,0.03447364423882935,1.2380424013877435e-06,3.5040304560671695e-06,28.92420382846436,0.6803368229650918,6.784693281124681e-07,1.041430933535028e-06,0.0,14.719933450560227,3.8227610197058945,92.48806957922132,24.01911587187493,0.010037240060478713,0.00678809405619163,0.0020551406763431677,0.00212390455670277,0.012153045635980637,-0.012782466450208321,-68.4689537073464,3.168100021113361,2.8302992305751724,1.534971280768631,0.02248095240176183,0.023644272930350194,0.02352136732958475
22.2,103.20060255866392,27.46072086201256,6.929228226856793,0.13103165484809876,0.010509390779276434,0.0011029865332536778,65.25174342103743,-1.4869339719051873,0.04920899379020278,1.585272638224382,0.038804446027323004,1.5305972388934336e-06,5.654451009381508e-06,52.33814856966137,1.3702921867355609,0.0379257079346935,1.2276855987221125e-06,4.224826523314182e-06,28.732545421735804,0.7396048290208439,6.739736347751026e-07,1.2307844319996415e-06,0.0,14.786771880424617,3.84049403896785,92.90802781970021,24.13053571795358,0.009898245039997393,0.006348703383839742,0.002702512616019039,0.002139746436437138,-0.0073515358671525505,-0.016341757742950186,-68.77749210174663,3.6942775445416793,3.4412935426722995,1.82616109665824,0.02429471697017192,0.026181518150412225,0.02574101313214465
22.3,103.24430317014976,27.240830790034675,6.9892856128476994,0.11451046753406587,0.01059845785363531,0.0011024818179435358,65.04323394711884,-1.489453638774292,0.04948204366152285,1.7171509361040778,0.042167523048184725,1.525706273406065e-06,6.6343665090669985e-06,52.004653561575275,1.4920644188001417,0.041457427223186884,1.2198628722814154e-06,5.00907651716116e-06,28.50578332770719,0.7999061172116315,6.686545211881085e-07,1.439662041793324e-06,0.0,14.853439322748528,3.857769904398557,93.32691171377705,24.239083181796612,0.00805663756569627,0.005839288159309154,0.0028825023200176694,0.0021299013530337845,-0.025519501019242684,-0.019661117623963192,-69.08782853198045,4.34839039775074,4.106261966800474,2.1530730686382555,0.026400146977626424,0.028690978914675144,0.028061187023551634
22.4,103.6771209406689,26.919048180699416,7.070118109381978,0.08068962573970564,0.010718722966903066,0.001111269493606882,64.65817145123411,-1.4902957019047443,0.04981553308455456,1.8618231690767344,0.04589689194647084,1.5166739386039183e-06,7.799367404049602e-06,51.568713422752076,1.6212074379291066,0.04524170355066244,1.2096371106722555e-06,5.91370550279248e-06,28.209029333845606,0.8639866671568154,6.616936214508503e-07,1.6795641623056688e-06,0.0,14.920037522315141,3.874640909262829,93.74536054277861,24.345086831677158,0.004838300564814977,0.005266446700643603,0.0025624813907460364,0.00209451058545292,-0.03911365993606316,-0.022697944958552603,-69.40027371110145,5.142415390369821,4.888826120344423,2.538280720649843,0.02879486269544355,0.03143781045376694,0.03062801831753181
22.6,103.82297108579972,26.479642284775423,7.302822133675018,-0.026286030174272373,0.011062418288731269,0.0011011352036840473,65.33817383492547,-1.5087177926787187,0.050142652995209515,2.197906133726305,0.05463906427872084,1.5326246200164152e-06,1.0869280588511356e-05,52.04656996772001,1.9153293478011826,0.053922949156106834,1.220846097129455e-06,8.254094648734133e-06,28.224172186882832,1.009793430078978,6.620488243593488e-07,2.294286235719002e-06,0.0,15.053538604189908,3.9111014420279515,94.58417257890673,24.574175115438916,-0.0033492979488868903,0.003960000855751638,0.0007164213936467009,0.0019491683763965758,-0.04417368380365354,-0.027774763493791776,-70.00999746346781,7.091939178423834,6.76096247360071,3.4654335923625217,0.033638928129201086,0.03680029921259164,0.03577761017728905
22.7,103.33106808149242,26.410687336886287,7.464297155227428,-0.1373053155968631,0.011302620588944101,0.0010996654891869723,64.94038498346255,-1.5092500906625137,0.05047453656148675,2.3972614975783717,0.059858262564119594,1.5232937656086932e-06,1.293044104748632e-05,51.65830197816327,2.0874259633212002,0.059010129013994175,1.211738571696278e-06,9.804031092781744e-06,27.928814251791238,1.0954118141039526,6.551206716965235e-07,2.699835845576653e-06,0.0,15.120151847708435,3.9279158577645577,95.00271593184591,24.67982320534397,-0.006905909796232588,0.003242660717876958,-0.0004910728209806686,0.0018410133788021265,-0.03476749917002525,-0.02975118153916432,-70.32289272650195,8.488475000302678,8.09087976712449,4.121127545227758,0.03691480267923956,0.040408334834613535,0.039221565377903486
22.8,103.20179214971644,26.247481920167807,7.667202498440358,-0.33793923349386823,0.011604198984864516,0.0011000014856088328,64.70335574200689,-1.5111543599860433,0.050748333870001244,2.6265467084211243,0.06588746418242097,1.5177338175753036e-06,1.5522182125915147e-05,51.44313894942095,2.2824582489274197,0.06474152083912853,1.2066915350894557e-06,1.1721635230717852e-05,27.704868761869236,1.1937984758498132,6.498676266349451e-07,3.2065983021180085e-06,0.0,15.186852338977175,3.9450332706236138,95.42180747856732,24.787375082316917,-0.009258816288457919,0.002494033382159705,-0.0016167401892014847,0.0017108626102578987,-0.019193519882540568,-0.03131944426059852,-70.6344323962504,10.227209769044368,9.713862151066545,4.93423302022594,0.04059367058014752,0.044368564895924015,0.0430898441032452
22.9,103.32057498416769,26.024750575139105,7.933542932913584,-0.6613592536007334,0.012000028438442837,0.0011051593629111754,64.48822688816551,-1.511215164415898,0.05092047698652399,2.9027980650163316,0.07321107379190704,1.5126875826023732e-06,1.895903236409076e-05,51.355314261165944,2.5068216544323834,0.0711319569754958,1.20463144874843e-06,1.4139348316045003e-05,27.504745154561242,1.3139167661612294,6.451733667619705e-07,3.884348853899061e-06,0.0,15.253782641879242,3.9622227279567444,95.84234297436667,24.895379628070835,-0.010010585745782908,0.0017231297923295523,-0.0024649432325084927,0.001560298237183622,-0.00023972073644712433,-0.03246112114682244,-70.94696334629583,12.533343026108751,11.737488947956066,6.020628026531895,0.045012837305176946,0.04881328622942536,0.04777054863725347
23.1,103.06720291734068,25.70627300602678,8.629731432838488,-1.449756800651165,0.013037482442503053,0.0011018531338076462,64.29750565548986,-1.5336686660411945,0.052134830784222874,3.492212402969061,0.08839504969930025,1.5082138723713972e-06,2.7439981801764626e-05,50.47134455728379,3.0896533757660065,0.09013028009754873,1.183896346250138e-06,2.1478405460360128e-05,27.09030654225706,1.5469196128950666,6.354519622074511e-07,5.384160649708702e-06,0.0,15.38558832118659,3.9966856013765693,96.67050248199342,25.11191624798547,-0.006527506452128726,0.00015121904382559158,-0.0028108197210907093,0.0012054356537080748,0.03427795732976037,-0.033419891219183456,-71.55858623400795,18.193694080415895,18.142133412600373,8.472962505308901,0.05431334182200719,0.06121599103149159,0.057102329590921756
23.2,102.8955829586371,25.567276265220052,9.095777519557736,-1.9632073985306857,0.013731509546447357,0.0011008186557023816,64.11754843689688,-1.5344927517367597,0.05232059064819431,3.9576327214007647,0.1007221314368422,1.5039926514896797e-06,3.524142770437955e-05,50.434010421201684,3.478421073286213,0.101500556754614,1.1830206068046029e-06,2.722367961693363e-05,26.913367542813614,1.74520234606906,6.313015390953326e-07,6.85289526463114e-06,0.0,15.45248078615307,4.013918329418846,97.09080023503182,25.220192671623327,-0.0029105612174702045,-0.0006312988513475357,-0.0022463751329247377,0.0010054347566204455,0.04369663164323112,-0.0332292353478903,-71.8706075634085,23.43191482316985,23.012007956874168,10.855185422882816,0.06172464197217057,0.06896974966369,0.06484518681256826
23.3,102.93965134649372,25.37204585977967,9.734270619948639,-2.651593062801292,0.014683355600500913,0.001100895871385295,63.96777009114091,-1.538365093442496,0.05262911550497498,4.529964740655786,0.11581427547240826,1.5004793304588397e-06,4.6171306241065454e-05,50.341115342179044,3.9716159328806038,0.11626893271347559,1.1808415853102438e-06,3.549089951619991e-05,26.745709055800535,1.9853541887775068,6.273688071276448e-07,8.868670323516884e-06,0.0,15.519086075204243,4.031144735054679,97.5092936085786,25.328429370409903,0.001181262261514299,-0.0013994135450885964,-0.0012914635674157217,0.000793543655225988,0.04530050981674742,-0.032596571785779724,-72.18086423816871,30.771037830255537,30.05559759895765,14.136294668715427,0.07081636164902291,0.07889407904224416,0.07423075546942468
23.4,103.24063611033493,25.11900520465543,10.609404430967466,-3.5668578511743934,0.015989093043664467,0.0011055416722388755,63.84145808785345,-1.545298476748973,0.05306813916405977,5.278981456737709,0.13554471539205806,1.4975164547817346e-06,6.27022017463063e-05,50.32679086584078,4.621496228229079,0.13582789822919553,1.1805055789021012e-06,4.805601162195511e-05,26.623572542313553,2.2982252377845014,6.245038750888945e-07,1.1884138298076663e-05,0.0,15.585391751074823,4.048312976094865,97.92590445699125,25.436300610263718,0.00504145491072299,-0.0021443069239241116,-0.00011122235483150747,0.0005723174026166357,0.03882006607275309,-0.03153266850068871,-72.48960384672753,41.87079316964517,40.70799196616111,19.02972707156545,0.0826889237002263,0.09182974214566722,0.08632294685966246
23.6,103.13858231402864,24.78975110093711,13.754038852603856,-6.734391825463463,0.020689484805165814,0.0011012863071635844,63.46824382101523,-1.5372023072286072,0.05298698578824422,7.854980631041813,0.20333126818499117,1.4887620415447996e-06,0.0001388266216065946,49.4217907583792,6.863000257581407,0.20339230868793284,1.1592771703867763e-06,0.00010597673820501555,25.971620337653796,3.37069821310947,6.092111611777289e-07,2.5563614498683592e-05,0.0,15.720128899238421,4.083303677135881,98.77248292666405,25.656153668932543,0.009573972692413592,-0.003531074013597546,0.002102409238153759,0.00011257172152069336,0.0075258185118407955,-0.02818184247334566,-73.11632925773151,93.24970528032976,91.41622116966033,41.96182888255681,0.12376237560934242,0.1388658758063683,0.12978390140035329
23.7,102.90595974412643,24.671795296641122,16.9452099747161,-9.874362547151604,0.025465120525348873,0.0011018045272726887,63.34227548869625,-1.5438259405897403,0.053414540427136704,10.40398191890982,0.2703251446337447,1.4858072272896256e-06,0.0002435463894802555,49.394713307208,9.082946383806071,0.27026531271324683,1.158642019970465e-06,0.00018562480877496555,25.84180191438605,4.429297200847991,6.061660361007022e-07,4.414201581023966e-05,0.0,15.78638688910836,4.100546485916195,99.18879415509811,25.76449343171552,0.009479508577835591,-0.004157394800284832,0.002750334504524684,-0.00012040578197232361,-0.0116798068445636,-0.025943537278341554,-73.42430072338259,163.9152004426086,160.20893906445522,72.82165806285187,0.16425020791629852,0.18388499043035497,0.17140047801319205
23.8,103.06206563675354,24.462118777572346,23.36518002178657,-16.124125798773083,0.03508203552639023,0.0011050788484001182,63.19038233584347,-1.5469007401007537,0.05369332759678057,15.47417131351175,0.40336881052322404,1.4822442996470161e-06,0.0005387624501397974,49.267554119635165,13.5002096973103,0.40311126516995766,1.1556592720591475e-06,0.00041007523921054,25.65169274394286,6.528769828963083,6.017066828924498e-07,9.590587982905194e-05,0.0,15.852878409472432,4.117959286889046,99.60657269890167,25.873901286944978,0.007749912446159197,-0.004729652649088201,0.002919913396760105,-0.0003517319833558156,-0.028758102785986207,-0.023370308627809103,-73.73267141195669,363.477498458317,354.84095453140793,159.38975343937528,0.24488174847985272,0.2740182649320906,0.25451614028492225
23.9,103.59902077087419,24.161342674078472,42.64685837462229,-34.79361632523372,0.06398901114618058,0.00112293198165516,62.97620975235145,-1.5446343038138692,0.05376466995764431,30.60205077821312,0.7987732203170482,1.477220495718524e-06,0.002107092401622752,49.09722195060246,26.68795082212899,0.797970118747571,1.151663824061169e-06,0.001602555117939845,25.382357019450172,12.744651676754751,5.953889280765538e-07,0.0003654588293140674,0.0,15.91941272719319,4.1358101280061375,100.02462014642796,25.986061429572686,0.004692381322854218,-0.005241650107380853,0.002580500895997209,-0.0005786263378908709,-0.04066071609269526,-0.02049790141730873,-74.03855871685526,1426.3899043709496,1391.5129436719437,613.8152929627161,0.4859303362103414,0.5435735416757426,0.5021067061261761
24.1,103.56744412430008,23.846959338209842,40.63948582802586,-38.72597461774522,0.060978954781212416,0.0011051128930553268,63.11896716599295,-1.5837601376962223,0.05558228106821346,-30.14958722749465,-0.802302540408309,1.4805691281334673e-06,0.002045244622473694,48.90471188071804,-26.207169332267583,-0.800961641773395,1.147148153429612e-06,0.0015453353799228294,25.47585879778591,-12.658840365661783,5.975821807966974e-07,0.0003605540386574433,0.0,16.052588317747908,4.167648639398519,100.86138706027633,26.186108696555767,-0.003136476974005765,-0.006064015291763222,0.0006845711443175425,-0.0010083740368055168,-0.041757988648399885,-0.01401561338489641,-74.67527836372057,1381.3908338424596,1347.1105500216017,603.3547355390554,-0.47766287347836317,-0.5358822969080909,-0.496895530240651
24.2,103.1032779716563,23.789727696548574,21.83146372803362,-19.063075052446408,0.03278393694921733,0.001102989805780601,62.90276165673297,-1.5815077135552813,0.055659983056723185,-14.841194201739054,-0.3954493337664408,1.4754976382673408e-06,0.000495587352000899,48.698826307030764,-12.894452530808884,-0.39463212993212227,1.1423187362509725e-06,0.00037410053865588816,25.204845290613427,-6.149820645214274,5.912250705643402e-07,8.509566142868336e-05,0.0,16.119095489962305,4.1854321607784755,101.27926394755589,26.297845856800226,-0.0065524439359346785,-0.00636591912447559,-0.0005435555851791773,-0.0012060436877616438,-0.030767270994155986,-0.010494212821062915,-74.98141809075567,335.8781058998247,327.4922548181829,143.93107746168016,-0.23593867440556937,-0.26477953389499415,-0.24399358830837725
24.3,103.09786429732384,23.63018599338159,15.568958566878127,-12.515516631296972,0.023405009120388818,0.0011025214617728062,62.750754928551906,-1.5848011049666084,0.055960992760990515,-9.740092939830134,-0.26033726049924216,1.4719320465107205e-06,0.0002134561735721899,48.48899933747437,-8.455537144665037,-0.2596777944206464,1.1373968665290235e-06,0.00016086624391082287,25.011090156029105,-3.9977442754344237,5.866801946963863e-07,3.5959408406479594e-05,0.0,16.1855202962731,4.202683136758103,101.69662331460013,26.40623693560993,-0.008821014806277866,-0.006590863431439591,-0.0016809604859716971,-0.0013890574131650328,-0.014261302255132648,-0.006848110337916276,-75.29038637899019,145.0176820853905,141.43369710674156,61.29303278268836,-0.1552187372234839,-0.17438052465913104,-0.15983886549906096
24.4,103.47319659384002,23.385238617208092,12.437462588729074,-9.233822074265015,0.0187209849844804,0.001108465549124785,62.60182536087178,-1.591813066670446,0.05644993287099189,-7.1833898386950485,-0.19268544267956322,1.4684386350993204e-06,0.00011610245154300139,48.185297207269635,-6.229723666858915,-0.19208254728485574,1.1302729857318775e-06,8.732127817219968e-05,24.854711575714344,-2.922798325326244,5.830120532690006e-07,1.922118761369227e-05,0.0,16.251556254664244,4.219378836570285,102.11153947810888,26.511139111362912,-0.009556068517893358,-0.006736880583718789,-0.002529107570252422,-0.001555224343111366,0.004809058871058675,-0.0031260800566170546,-75.60040036674597,79.06523893328958,77.25680368770131,32.968765407022644,-0.11474729047094058,-0.1292868162680762,-0.11759534269478805
24.6,103.50694764652023,23.067302598589094,9.304150972649408,-5.929874145745251,0.014041323276817539,0.0011031255776275848,62.485492399846535,-1.5847851133286737,0.05619774639779907,-4.61199854948958,-0.12465992050262563,1.4657098358427457e-06,4.7858693896111484e-05,48.45839619281569,-3.988286241473114,-0.12401505928556622,1.1366790146179444e-06,3.5789461073828415e-05,24.40747875730461,-1.8452027034780247,5.725214015084261e-07,7.660739288075876e-06,0.0,16.38723347776232,4.25680910406317,102.96402461279763,26.74632041811801,-0.006230427783338164,-0.006788951790873625,-0.002838302061715333,-0.0018293335159845566,0.037164296496553575,0.004348398377213965,-76.21770419467963,32.65222946982133,31.485987348730823,13.380703791844416,-0.07380910948060172,-0.0823033066468759,-0.07559988976435336
24.7,103.18609090012357,22.988357892576772,8.409311004213489,-4.977542340077705,0.01270844177474839,0.0011023934411618092,62.35912182785474,-1.5924502477515905,0.05670217424365135,-3.871636052640444,-0.10507561491498578,1.4627455863311278e-06,3.372652287923688e-05,48.13623393156407,-3.3401381597478146,-0.104316343623085,1.1291221181781718e-06,2.5102176583957913e-05,24.27148986545217,-1.536007007358228,5.693315369703022e-07,5.308464434970553e-06,0.0,16.453316114607787,4.273492561343188,103.37923406568477,26.851145671772777,-0.0027563636542509607,-0.0066957455617976495,-0.0022420723080920904,-0.0019339972753858506,0.044663540301092305,0.008001816446081063,-76.52808839391199,23.056998561062187,22.23158698233637,9.32403018322074,-0.062086122112628137,-0.06938927055441299,-0.06328441376582189
24.8,103.21136477811878,22.832099211715914,7.740831369514292,-4.260053848098256,0.011713924565333184,0.0011031965190308058,62.267279095264,-1.5975225036819645,0.0570456618850471,-3.3145250969814866,-0.09036275419904347,1.460591249518872e-06,2.4718672391670296e-05,47.88382504007677,-2.847435554977014,-0.08933598496976886,1.1232014127360233e-06,1.8242750789431326e-05,24.129644008896513,-1.3038354969882477,5.660042867696192e-07,3.82497075721483e-06,0.0,16.519847411229474,4.290715740169592,103.79726253108575,26.95936209591776,0.00118176499082373,-0.006525073598352864,-0.001252567334098571,-0.0020153310782315766,0.044191199139660194,0.011535341140740486,-76.837900435168,16.92374399737968,16.24174487547477,6.757847681764482,-0.05323060755409797,-0.059465499103169575,-0.0540345931546909
24.9,103.56591870478911,22.6062068054668,7.23295974750991,-3.7198609492596,0.01095917909445792,0.0011091795332872918,62.234267859538924,-1.6009312489431125,0.05725110917805133,-2.8856691892091115,-0.0791681929438062,1.4598169114919593e-06,1.873594500648924e-05,47.53188090066471,-2.4502137065710046,-0.07728753884227704,1.1149459286709776e-06,1.3507981217703947e-05,24.021463668301873,-1.125260850886758,5.634667219179294e-07,2.8489769607113794e-06,0.0,16.58668441179691,4.3084149378119125,104.21721179102703,27.07056943449286,0.004903304780726131,-0.006279570891943876,-4.0629760770110916e-05,-0.002072373781499653,0.03582375501529182,0.014902846428016092,-77.14664235653416,12.834448525014526,12.11536888950798,5.056158331789364,-0.04636784987528076,-0.05154884806034973,-0.046843975305785567
25.1,103.6204120586631,22.303480747275326,6.4575034209662245,-2.9014150961182614,0.009810126258282188,0.0011034690737726403,61.70807401666576,-1.6178620484461697,0.058622435806786784,-2.192636814602283,-0.05988771174083907,1.4474740865987207e-06,1.0817226451685808e-05,47.98460657984487,-1.9461421861728818,-0.06158717142578965,1.1255654253801782e-06,8.521806169803968e-06,23.472561183431615,-0.8408325205409938,5.505912249010437e-07,1.5907484870984717e-06,0.0,16.718611566379693,4.340560944861487,105.04613455031958,27.272548753671234,0.009284742048686194,-0.005578744209632431,0.0022071975939828505,-0.002111218805360367,0.002483145773025247,0.020968365372631054,-77.77358579664833,7.473174512646483,7.571133563316045,2.889164256812071,-0.03553241370019276,-0.04055763556036585,-0.03582193327648051
25.2,103.33846615704627,22.220829239175686,6.152171885579218,-2.566752623234968,0.009358532192650686,0.0011034556534473888,61.67019869116285,-1.6209639004733731,0.058821343916922786,-1.9563982571289222,-0.0537723570651586,1.4465856525799868e-06,8.61186181611844e-06,47.64183271185027,-1.71611242786078,-0.05459080933377625,1.1175250465579289e-06,6.626344196380997e-06,23.355701337286124,-0.7434837749167377,5.47850066604419e-07,1.243728278019995e-06,0.0,16.785523650383595,4.358304170105865,105.46655557340566,27.38403272582869,0.009197547941003156,-0.005132753443548093,0.0028510813117809336,-0.0020925894680191353,-0.016555454960050314,0.02358805267849292,-78.08252284757698,5.953233257055451,5.9294815957733515,2.2701982783878027,-0.03172356014168749,-0.03602112534671488,-0.03183307425368579
25.3,103.41444089509186,22.06376234202937,5.903635473964581,-2.2886463760210924,0.008991249271745558,0.0011039773768236527,61.566523962097946,-1.6253064419054621,0.05914936877614328,-1.7481683276450113,-0.04825278748307801,1.4441537749667582e-06,6.876208129007601e-06,47.412027559346704,-1.5271078035723358,-0.04878974039805162,1.1121345525501927e-06,5.247131048395928e-06,23.190430528863562,-0.6583484938604219,5.439733419411557e-07,9.752011635786434e-07,0.0,16.85223541636013,4.375635837529491,105.88571796120543,27.492930803933742,0.007527066215996353,-0.004630405012881454,0.00300192147137441,-0.0020488146717143776,-0.032679737237452995,0.0258866908515741,-78.3927871572717,4.761409933070236,4.718072140069684,1.792737048655108,-0.028394786892975022,-0.032209291232289536,-0.02838879998545176
25.4,103.80051533628166,21.84286951995801,5.69264134830649,-2.048941631950452,0.008680176187102394,0.0011142947784264607,61.37902110298058,-1.6301025377291085,0.05958443484093433,-1.5659122703714947,-0.043379796317706915,1.4397555574877576e-06,5.51718278662502e-06,47.14418283850218,-1.3648861562631398,-0.043785227801582755,1.1058517719119571e-06,4.191556994007229e-06,22.961975767216313,-0.5843347686751319,5.386145237846342e-07,7.682560242358947e-07,0.0,16.918885627737176,4.39269462315818,106.30449359005009,27.600114315154244,0.004566506852696812,-0.004078014147419876,0.0026316331689926905,-0.0019804392378947222,-0.04301346952577612,0.027835225697276405,-78.70437927489584,3.8320274284976557,3.7903425219098366,1.4263559378935036,-0.025512174065862606,-0.02895131645273637,-0.02544793072682399
25.6,103.97489802136023,21.535012945971165,5.351932833762208,-1.653801600396377,0.008176212124297384,0.0011046428447841997,61.67607957865956,-1.6387898420894382,0.05975788622937677,-1.2618710697454003,-0.03518053580354817,1.446723599394781e-06,3.582716842485902e-06,47.32661569723423,-1.0974156212178858,-0.03548200969217991,1.110131063394745e-06,2.7097223528093364e-06,23.005800178580778,-0.46230699460075864,5.396425043337172e-07,4.808874538277683e-07,0.0,17.052357114578285,4.428381748085647,107.14311967509757,27.824343134153988,-0.003037065668545564,-0.0028508398938585327,0.0006574089062159228,-0.0017735184122196126,-0.040278111745728026,0.030589843444754735,-79.31877654094357,2.476434920937688,2.4409030988855434,0.8911222706993914,-0.020459651105677903,-0.023188127970917193,-0.02009523646263706
25.7,103.68917703028275,21.45984688432021,5.2126109221060934,-1.4884570831794417,0.007971675659826724,0.001104145859967098,61.48966312452658,-1.6436402748951953,0.06019797743502522,-1.1330218058795853,-0.03167559427218427,1.4423508655026127e-06,2.888411428346933e-06,47.09873862982704,-0.9849500761579627,-0.03197133722478021,1.1047857960977469e-06,2.182784968178047e-06,22.776715134986667,-0.4114725030409065,5.342689017782355e-07,3.8094664670718483e-07,0.0,17.119030804613857,4.445382535589994,107.56204282470452,27.931162232411786,-0.006368317527224168,-0.0021910348945235808,-0.0006060488339234544,-0.0016375016617279007,-0.027677686476651846,0.031362391871866194,-79.63088059229273,2.0025719798354435,1.9757540112191334,0.7130241820911902,-0.018426215859810968,-0.020912451263274515,-0.018065489277198504
25.8,103.68778007750238,21.324784247727163,5.089949024902163,-1.339593315535597,0.007791559600682926,0.0011042622779415423,61.38919382641309,-1.6481768112912545,0.06053975577179131,-1.0157728544086464,-0.028463400759988454,1.43999417704919e-06,2.321537606445351e-06,46.966375905726316,-0.8832781410523344,-0.028794527274455455,1.1016809898593337e-06,1.7554056175369519e-06,22.608642523782418,-0.36618820952948516,5.303264557813076e-07,3.0171106079642283e-07,0.0,17.18579799112031,4.462561081807891,107.98155342996358,28.039098221606782,-0.008593125324668625,-0.0015108552655699226,-0.0017686122499978427,-0.001481892639921514,-0.010142545008258612,0.0317184112016759,-79.9424552083568,1.6121854125845172,1.5933883163047844,0.5689157263556174,-0.016546443943878664,-0.018806606301182412,-0.016196824251800412
25.9,103.98461608901363,21.134476390878195,4.983753656840774,-1.2068508625080965,0.0076357897543594105,0.0011088048734920251,61.34412529381553,-1.651618777327533,0.06076938203562129,-0.9064897470799842,-0.025428597317570394,1.4389370133944245e-06,1.8488782385125507e-06,46.9158921132393,-0.7902956217983708,-0.0259259028664742,1.100496801524458e-06,1.4052761321257655e-06,22.47055868726042,-0.32663533560893276,5.270874505404416e-07,2.400539455538103e-07,0.0,17.252875103526073,4.479783397388948,108.4030113570795,28.147309221821285,-0.009333077234039165,-0.0008183935110505273,-0.0026279060045508867,-0.001308577722446034,0.009212109548585895,0.03165466710527776,-80.25570213525822,1.284891709159029,1.2769470389910387,0.45543475813676537,-0.014777124015351684,-0.016844944989873815,-0.01453614661544295
26.1,104.17863232471015,20.84830173552722,4.794832724566832,-0.9647190102930843,0.007360127390338396,0.0011064705361665767,60.961533853570614,-1.6691253346142807,0.06210439835298671,-0.7326990971037137,-0.02077000564850462,1.429962641655656e-06,1.2079079255173442e-06,46.338245277415794,-0.6299380116851516,-0.02048929929186639,1.0869470539527795e-06,8.92849271773145e-07,22.08441184699654,-0.24615331870072973,5.180296804866722e-07,1.3633077669161178e-07,0.0,17.384223821322518,4.514248202814447,109.22829969085501,28.363857980885587,-0.006149558413699671,0.0005707945242330371,-0.0029139046148618612,-0.0009173855678642154,0.03989903233028886,0.030282347223126355,-80.86444170996943,0.8447129248906742,0.8214284849719399,0.26317174831282525,-0.012019039725339823,-0.013594343245279706,-0.011146021021800784
26.2,104.00029082125296,20.753335976648277,4.7101071657978775,-0.8509364994980965,0.007235527210293695,0.0011066182421068434,60.927950894436364,-1.6728394832303124,0.06234235487806482,-0.6455687574201106,-0.018302333765062444,1.4291748928258188e-06,9.377077962531276e-07,46.32642596679682,-0.5565828219232101,-0.018199380446279178,1.0866698107214026e-06,6.970149847350086e-07,21.963926145847125,-0.21630194311105855,5.152034712264001e-07,1.0526969383564413e-07,0.0,17.451271498403447,4.531492245918591,109.64957267037042,28.47220549915392,-0.002786303291140562,0.0012512909829650832,-0.0022879576265440365,-0.0007042453005697554,0.04576472798491833,0.02899457335469437,-81.17736717121649,0.6561182966201261,0.6414229767479087,0.20432644521019658,-0.010595609206333257,-0.01201436999094481,-0.009848054563412211
26.3,104.06353582212681,20.610239774851898,4.636299162301111,-0.7472681071122679,0.007127399262123766,0.0011069859882122605,60.85585773517685,-1.6780784696768032,0.06270468435427357,-0.5660346194181837,-0.01605771373965297,1.427483817848807e-06,7.208891783547481e-07,46.28771556141921,-0.4883985694912398,-0.016008707357687182,1.0857617883992235e-06,5.366996160324512e-07,21.839558902125304,-0.1874853847736821,5.122862133897607e-07,7.908923138340517e-08,0.0,17.51796154792987,4.548726764307696,110.06859860968991,28.580493171872654,0.0010400031666495577,0.001911894095198826,-0.001263183192944947,-0.0004827885185427914,0.043492821209907585,0.02732822937877448,-81.48810543781727,0.505006900492305,0.49430696656190687,0.1543848522880939,-0.009301234761678424,-0.01055136473181925,-0.008584669022570646
26.4,104.41510802357382,20.416832087505142,4.570788446499079,-0.6503254500007735,0.007031720715171772,0.0011110521478828138,60.745772156287835,-1.6848929555481333,0.06319557946813194,-0.4916270558802058,-0.013949832240147425,1.4249015621992944e-06,5.438186146652378e-07,46.34139402972951,-0.42436255042536625,-0.013924769470601004,1.0870209136129917e-06,4.0518804195792346e-07,21.74730141530448,-0.1604027763637301,5.101221477695666e-07,5.789036399668382e-08,0.0,17.584386223329872,4.565916610663126,110.4859571541974,28.688500161925766,0.004668747819670293,0.0025450534124488175,-1.6692771826398735e-05,-0.00025568712554192575,0.033480816095425164,0.025306387570698773,-81.79745699227162,0.3816534623106662,0.372750916641684,0.11348333776488798,-0.008093189672778193,-0.009157310851570928,-0.00737575542365215
26.6,104.61567903405354,20.144215162384814,4.458456881550249,-0.47182704508587653,0.0068663657645777,0.001108147753029304,60.828878402698074,-1.6876759663931853,0.06326353976256255,-0.35443255129756757,-0.010030526171744752,1.4268509689832565e-06,2.8265047519343144e-07,45.52314555051527,-0.3061930425576349,-0.010024836748091256,1.0678274208823395e-06,2.109469034490787e-07,21.248724606138286,-0.11109393084147164,4.984271301734536e-07,2.7769188307071786e-08,0.0,17.71884473753868,4.600753400547164,111.33078491509937,28.90738616827446,0.008981431574336422,0.0037008789042760116,0.0022749151923533795,0.00020449247996382584,-0.001598421242328396,0.02031062829218166,-82.42339874682492,0.19809390142184374,0.19754774912483003,0.05571363721193919,-0.00582671521495367,-0.006726095898137451,-0.005228263479370383
26.7,104.43899715989825,20.062354943684554,4.41036721298882,-0.3888132651786949,0.006796565700710602,0.0011086492514808964,60.72389250253608,-1.694586455457492,0.06375782406996211,-0.2902977260520046,-0.00818127716646632,1.4243883354889477e-06,1.8961373193967058e-07,45.57933236452683,-0.25098343278979174,-0.008179529097120114,1.0691453838650816e-06,1.4173353795363282e-07,21.149633173236495,-0.08855503633351378,4.961027620317654e-07,1.7644487535067376e-08,0.0,17.78521326700137,4.617982299100185,111.74779068427846,29.015638530521688,0.00893090182610598,0.004210615290973859,0.0029204628135944843,0.0004320158864747861,-0.02042544900900789,0.01740423976856821,-82.73215215375677,0.1331194079700057,0.13256713267680215,0.0355661949205951,-0.004780617876890559,-0.005506518410197807,-0.004187071974637106
26.8,104.5289403205332,19.926147193882773,4.3674682500129896,-0.3094613221568116,0.006734187281613853,0.0011091525222916552,60.664005250090355,-1.7000817531855685,0.06412827427857183,-0.22819537830837747,-0.006380464562141725,1.4229835720537871e-06,1.1716454403293291e-07,45.54569889221852,-0.1975558952383404,-0.006380837342301937,1.0683564501577118e-06,8.781374642269981e-08,21.006319060659617,-0.06725120919910106,4.927410712400078e-07,1.0176131562167825e-08,0.0,17.85176398247439,4.635311612535227,112.16594116192084,29.12452181808025,0.007339355930596658,0.00466727635146058,0.003058421795640537,0.0006541753300878008,-0.03562319182756687,0.014276132532621059,-83.04141934384059,0.08233724291267097,0.08219517597309088,0.020652087183556822,-0.0037616273005323464,-0.004337531315653888,-0.0032014751849146345
26.9,104.65464961400482,19.736209686522656,4.3303928795773325,-0.23485900985891187,0.006680338944417522,0.0011097813824018823,60.651895527277496,-1.7042417047815719,0.06437457155087299,-0.16640984545956303,-0.0045853946000034215,1.4226995166810207e-06,6.230753249822021e-08,45.533504873500135,-0.14440680718002205,-0.004586674104500117,1.0680704174725628e-06,4.691998340983815e-08,20.810709714135736,-0.047227355150143736,4.881527014893434e-07,5.018451917575069e-09,0.0,17.918365961356535,4.652872104856427,112.5844137370622,29.23485764541966,0.004487198514454357,0.0050659339013941675,0.0026632338117162134,0.0008682976299198114,-0.04447822693418767,0.01096795209442962,-83.34955609164254,0.04379528619196825,0.04392967227841366,0.010280496046142692,-0.0027436874645528943,-0.003171440625561526,-0.0022693774406965283
